pattern_type,time_dimension,time_label,total_edits,unique_contributors,minor_edits,avg_article_length
DAY_OF_WEEK,1,Sunday,33022810,850392,10811203,17505.38689793509
DAY_OF_WEEK,2,Monday,34796684,996381,11352051,18038.94843218392
DAY_OF_WEEK,3,Tuesday,34884571,1025145,11290619,18278.21197032922
DAY_OF_WEEK,4,Wednesday,34843196,1020082,11226228,18262.88092128519
DAY_OF_WEEK,5,Thursday,34323039,1005601,11090136,18275.350968572446
DAY_OF_WEEK,6,Friday,33517421,957685,10751014,18076.832710130057
DAY_OF_WEEK,7,Saturday,31661545,814531,10374805,17262.134210222546
